Name,Price,Picture
vetplus Coatex 240 comprimidos (240 Comprimidos),53.95,https://www.petsonic.com/14226-large_default/vetplus-coatex-para-perros-gatos.jpg
farmadiet Oleoderm Capsulas Dermatologicas para Perro y Gato (60 Comprimidos),20.12,https://www.petsonic.com/26369-large_default/virbac-oleoderm-pipetas-dermatologicas-para-perros.jpg
farmadiet Oleoderm Capsulas Dermatologicas para Perro y Gato (360 Comprimidos),104.93,https://www.petsonic.com/26369-large_default/virbac-oleoderm-pipetas-dermatologicas-para-perros.jpg
Menforsan Suplemento nutricional alergias perros y gatos (120 ml),13.76,https://www.petsonic.com/28224-large_default/menforsan-suplemento-nutricional-alergias-perros-y-gatos.jpg
Menforsan Suplemento nutricional articulaciones perros y gatos (120 ml),13.76,https://www.petsonic.com/28225-large_default/menforsan-suplemento-nutricional-articulaciones-perros-y-gatos.jpg
Menforsan Suplemento nutricional intestinal perros y gatos (120 ml),13.76,https://www.petsonic.com/28227-large_default/menforsan-suplemento-nutricional-intestinal-perros-y-gatos.jpg
Menforsan Suplemento nutricional relajacion perros y gatos (120 ml),13.76,https://www.petsonic.com/28228-large_default/menforsan-suplemento-nutricional-relajacion-perros-y-gatos.jpg
Brit care aceite de salmon perros y gatos (250 ml),10.95,https://www.petsonic.com/28593-large_default/brit-care-aceite-de-salmon-perros-y-gatos.jpg
Brit care aceite de salmon perros y gatos (1L),19.95,https://www.petsonic.com/28593-large_default/brit-care-aceite-de-salmon-perros-y-gatos.jpg
virbac Nutriplus Gel 120gr (120 gr),16.39,https://www.petsonic.com/14231-large_default/virbac-nutriplus-gel-120gr-para-perros-gatos.jpg
virbac Allerdem Pipetas Dermatologicas (6 Pipetas - 2 ml),20.82,https://www.petsonic.com/14204-large_default/virbac-allerdem-pipetas-dermatologicas-para-perros-gatos.jpg
virbac Allerdem Pipetas Dermatologicas (6 Pipetas - 4 ml),26.02,https://www.petsonic.com/14204-large_default/virbac-allerdem-pipetas-dermatologicas-para-perros-gatos.jpg
Bioiberica CALMUROFEL (30),11.95,https://www.petsonic.com/16826-large_default/bioiberica-calmurofel-para-gatos.jpg
Bioiberica CALMUROFEL (120),37.95,https://www.petsonic.com/16826-large_default/bioiberica-calmurofel-para-gatos.jpg
Condrovet Force HA Gatos (45 Comprimidos),23.95,https://www.petsonic.com/29063-large_default/bioiberica-condroprotector-cosequin-para-gatos.jpg
Bioiberica Entero-Chronic (30 Unidades.),19.95,https://www.petsonic.com/3948-large_default/bioiberica-entero-chronic-para-gatos.jpg
Bioiberica Entero-Chronic (60 Unidades.),31.96,https://www.petsonic.com/3948-large_default/bioiberica-entero-chronic-para-gatos.jpg
Bioiberica Impromune (20 Comprimidos),23.95,https://www.petsonic.com/28805-large_default/bioiberica-impromune-para-perros-gatos.jpg
Bioiberica Impromune (40 Comprimidos),30.95,https://www.petsonic.com/28805-large_default/bioiberica-impromune-para-perros-gatos.jpg
Bioiberica Impromune (200 Comprimidos),124.50,https://www.petsonic.com/28805-large_default/bioiberica-impromune-para-perros-gatos.jpg
virbac Nutribound para Gato 3x150ml (0.150 L),26.95,https://www.petsonic.com/28937-large_default/virbac-nutribound-3x150ml-para-gatos.jpg
Purina Veterinary Diets Fortiflora para Gato (30 Unidades.),26.95,https://www.petsonic.com/16829-large_default/purina-veterinary-diets-fortiflora-para-perros-gatos.jpg
MSD Savorial Malta para Gato (20 Gr.),8.61,https://www.petsonic.com/16771-large_default/savorial-malta-para-gatos.jpg
Taber Malta (100 Gr.),8.31,https://www.petsonic.com/8366-large_default/taber-gat-malta-para-gatos.jpg
Vetoquinol Zylkene 30 Cápsulas (75 mg),13.95,https://www.petsonic.com/8371-large_default/vetoquinol-zylkene-30-capsulas-para-perros-gatos.jpg
Vetoquinol Zylkene 30 Cápsulas (225 mg),22.95,https://www.petsonic.com/8371-large_default/vetoquinol-zylkene-30-capsulas-para-perros-gatos.jpg
Vetoquinol Zylkene 30 Cápsulas (450 mg),47.96,https://www.petsonic.com/8371-large_default/vetoquinol-zylkene-30-capsulas-para-perros-gatos.jpg
Vetoquinol Bezopet para Gato (120 gr),9.97,https://www.petsonic.com/11778-large_default/vetoquinol-bezopet-para-gato.jpg
Stangest Dicalfon Calcio Fosforo para Perro y/o Gato (100 Comprimidos.),5.73,https://www.petsonic.com/28820-large_default/stanvet-dicalfon-calcio-fosforo-para-perro-yo-gato.jpg
Stangest Dicalfon Calcio Fosforo para Perro y/o Gato (500 Comprimidos),16.59,https://www.petsonic.com/28820-large_default/stanvet-dicalfon-calcio-fosforo-para-perro-yo-gato.jpg
Stangest Artivet Complex para Perro y/o Gato (60 Comprimidos),28.96,https://www.petsonic.com/28769-large_default/stanvet-artivet-complex-para-perro-yo-gato.jpg
Stangest Artivet Complex para Perro y/o Gato (300 Comprimidos),96.55,https://www.petsonic.com/28769-large_default/stanvet-artivet-complex-para-perro-yo-gato.jpg
Stangest Condrocit para Perro y/o Gato (60 Comprimidos),23.41,https://www.petsonic.com/28828-large_default/stanvet-condrocit-para-perro-yo-gato.jpg
Stangest Condrocit para Perro y/o Gato (120 Comprimidos),35.59,https://www.petsonic.com/28828-large_default/stanvet-condrocit-para-perro-yo-gato.jpg
farmadiet Vetgastril para Perro y Gato (20 ml),10.62,https://www.petsonic.com/15066-large_default/vetgastril-para-perro-gato.jpg
farmadiet Vetgastril para Perro y Gato (50 ml),13.95,https://www.petsonic.com/15066-large_default/vetgastril-para-perro-gato.jpg
Bioiberica Prolivet Protector hepatico 30 comprimidos (Perro y gato),23.95,https://www.petsonic.com/28878-large_default/prolivet-protector-hepatico-para-perros-gatos.jpg
Bioiberica Prolivet Protector hepatico 30 comprimidos (Perro Mediano),32.95,https://www.petsonic.com/28878-large_default/prolivet-protector-hepatico-para-perros-gatos.jpg
Bioiberica Prolivet Protector hepatico 30 comprimidos (Perro Grande),44.95,https://www.petsonic.com/28878-large_default/prolivet-protector-hepatico-para-perros-gatos.jpg
vetplus Lypex para Perro y Gato (60 ),63.95,https://www.petsonic.com/15744-large_default/lypex-para-perro-gato.jpg
Ecuphar Tiras Dentales Orozyme para Perro (M),18.95,https://www.petsonic.com/16465-large_default/tiras-dentales-orozyme-para-perro.jpg
Ecuphar Tiras Dentales Orozyme para Perro (L),18.95,https://www.petsonic.com/16465-large_default/tiras-dentales-orozyme-para-perro.jpg
Ecuphar Tiras Dentales Orozyme para Perro (S),18.95,https://www.petsonic.com/16465-large_default/tiras-dentales-orozyme-para-perro.jpg
Stangest Cronicare para Perro y Gato (30 ml),20.43,https://www.petsonic.com/20576-large_default/cronicare-para-perro-y-gato.jpg
Stangest Cronicare para Perro y Gato (100 ml),51.95,https://www.petsonic.com/20576-large_default/cronicare-para-perro-y-gato.jpg
farmadiet IRC VET para Perro y Gato (60 Comprimidos),28.39,https://www.petsonic.com/28919-large_default/irc-vet-para-perro-gato.jpg
farmadiet Antidiarreico Daforte para Perro y Gato (20 ml),9.49,https://www.petsonic.com/28946-large_default/antidiarreico-daforte-para-perro-gato.jpg
farmadiet Antidiarreico Daforte para Perro y Gato (50 ml),12.50,https://www.petsonic.com/28946-large_default/antidiarreico-daforte-para-perro-gato.jpg
Sustain probiótico para perros (pequeño y mediano),26.04,https://www.petsonic.com/25333-large_default/sustain-probiotico-para-perros.jpg
Sustain probiótico para perros (Grande),32.94,https://www.petsonic.com/25333-large_default/sustain-probiotico-para-perros.jpg
farmadiet Vet Regul Gel para Perro y Gato (50 ml),10.02,https://www.petsonic.com/15067-large_default/vet-regul-gel-para-perro-gato.jpg
Stangest DentiCan Soluble para Perro y Gato (0.250 L),12.95,https://www.petsonic.com/28858-large_default/dentican-soluble-para-perro-gato.jpg
Stangest DentiCan Soluble para Perro y Gato (0.500 L),17.95,https://www.petsonic.com/28858-large_default/dentican-soluble-para-perro-gato.jpg
Bayer Antialérgico Vetriderm para Propietarios de Mascotas (0.350 L),21.10,https://www.petsonic.com/28997-large_default/bayer-antialergico-vetriderm-para-propietarios-mascotas-para-perros.jpg
Kalmaid control de miedo y stress para perros y gatos (250 mls) (250 ml),12.47,https://www.petsonic.com/24855-large_default/kalmaid-control-de-miedo-y-stress-para-perros-y-gatos-250-mls.jpg
farmadiet Vetinmune para Perro y Gato (120 Comprimidos),35.95,https://www.petsonic.com/26350-large_default/vetinmune-para-perro-gato.jpg
Vetnova Dialix Lespedeza -5 para Perro y Gato (60 Comprimidos),29.95,https://www.petsonic.com/28934-large_default/vetnova-dialix-lespedeza-5-para-perro.jpg
vetplus Cystaid para Gato (180),57.95,https://www.petsonic.com/28807-large_default/cystaid-plus-para-gato.jpg
Hifarmax Hifarmax omnicardio plus perros y gatos. Comprimidos (60 Comprimidos),30.32,https://www.petsonic.com/26431-large_default/omnicardio-perros-gatos-comprimidos.jpg
farmadiet Hepatosil para Perro +10 Kg 200/20 (30 Comprimidos),27.50,https://www.petsonic.com/15037-large_default/hepatosil-para-perro-10-kg.jpg
Stangest Dermovital Omega 3-6-9 para Perro y Gato (60 ),15.02,https://www.petsonic.com/28836-large_default/dermovital-bote-omega-3-6-9-para-perro.jpg
Stangest Dermovital Omega 3-6-9 para Perro y Gato (300),47.20,https://www.petsonic.com/28836-large_default/dermovital-bote-omega-3-6-9-para-perro.jpg
farmadiet Lysinviral para Gato (50 ml),12.50,https://www.petsonic.com/28869-large_default/lysinviral-para-gato.jpg
vetplus Kaminox para perro y Gato (60 ml),16.31,https://www.petsonic.com/26347-large_default/kaminox-para-gato.jpg
vetplus Kaminox para perro y Gato (120 ml),27.36,https://www.petsonic.com/26347-large_default/kaminox-para-gato.jpg
Royal Canin Feline Renal Liquide (3x200),25.95,https://www.petsonic.com/27054-large_default/royal-canin-feline-renal-liquide.jpg
Dermoscent Pipetas para Gato (4 Pipetas.),17.60,https://www.petsonic.com/16036-large_default/dermoscent-para-gato.jpg
vetplus Samylin para Perros Pequeños y Gato (30 Comprimidos),34.20,https://www.petsonic.com/28890-large_default/samylin-para-perros-pequenos.jpg
farmadiet Vitoftal Lutein Gel para Pero y Gato (50 ml),23.95,https://www.petsonic.com/15069-large_default/vitoftal-lutein-gel-para-pero-gato.jpg
Stangest Anima Strath Tomillo para Perros y Gatos (100 ml),17.49,https://www.petsonic.com/28765-large_default/stangest-anima-strath-tomillo-para-perros-y-gatos.jpg
Stangest Anima Strath Tomillo para Perros y Gatos (250 ml),31.30,https://www.petsonic.com/28765-large_default/stangest-anima-strath-tomillo-para-perros-y-gatos.jpg
Stangest Anima Strath Tomillo para Perros y Gatos (9x30ml),66.47,https://www.petsonic.com/28765-large_default/stangest-anima-strath-tomillo-para-perros-y-gatos.jpg
Stangest Anima Strath Tomillo para Perros y Gatos (1000 ml),90.34,https://www.petsonic.com/28765-large_default/stangest-anima-strath-tomillo-para-perros-y-gatos.jpg
farmadiet IRC VET Gel Oral para Perro y Gato (50 ml),14.12,https://www.petsonic.com/15046-large_default/irc-vet-gel-oral-para-perros-gatos.jpg
farmadiet Calmatonine para Perro y Gato (120 Comprimidos),59.95,https://www.petsonic.com/15032-large_default/calmatonine-para-perro-gato.jpg
Atopivet suspension oral perros y gatos (120 ml),18.95,https://www.petsonic.com/28439-large_default/atopivet-suspension-oral-perros-y-gatos.jpg
Vetnova Abelia Zn-Otic para Perro y Gato (59 ml),28.95,https://www.petsonic.com/13232-large_default/abelia-zn-otic-para-perro-gato.jpg
Stangest Otican Limpiador Oídos para Perro y/o Gato (0.125 L),8.50,https://www.petsonic.com/28815-large_default/stanvet-otican-limpiador-oidos-para-perro-yo-gato.jpg
Hifarmax Omnicutis Atopicalm Para Perros Y Gatos Salud De La Piel Y El Pelo (30),12.19,https://www.petsonic.com/22573-large_default/hifarmax-omnicutis-atopicalm-para-perros-y-gatos-salud-de-la-piel-y-el-pelo.jpg
Hifarmax Omnicutis Atopicalm Para Perros Y Gatos Salud De La Piel Y El Pelo (200),66.06,https://www.petsonic.com/22573-large_default/hifarmax-omnicutis-atopicalm-para-perros-y-gatos-salud-de-la-piel-y-el-pelo.jpg
Feliway Pack Recambio Feliway Clasic (3 Unidades.),51.99,https://www.petsonic.com/15287-large_default/pack-recambio-feliway-clasic.jpg
Urano Vet U*Derm Omega para Perro y Gato (260 Comprimidos),87.59,https://www.petsonic.com/15675-large_default/u-derm-omega-para-perro-gato.jpg
virbac Vet Aquadent (0.250 L),19.95,https://www.petsonic.com/28743-large_default/virbac-vet-aquadent-para-perros.jpg
virbac Vet Aquadent (0.500 L),30.95,https://www.petsonic.com/28743-large_default/virbac-vet-aquadent-para-perros.jpg
Vetnova Adiva Entero -15 para Perro y/o Gato (112 Gr),29.50,https://www.petsonic.com/11849-large_default/vetenova-adiva-entero-15-para-perro-yo-gato.jpg
Stangest Optican Limpiador Lagrimal para Perro y/o Gato (0.125 L),7.95,https://www.petsonic.com/28816-large_default/stanvet-optican-limpiador-lagrimal-para-perro-yo-gato.jpg
Ownat Scottish Aceite de salmon (250 ml),13.50,https://www.petsonic.com/27983-large_default/ownat-scotish-aceite-de-salmon.jpg
farmadiet Hepatosil Plus para Perro y Gato (30 Comprimidos),21.41,https://www.petsonic.com/28952-large_default/hepatosil-plus-para-perro-gato.jpg
farmadiet Hepatosil Plus para Perro y Gato (60 Comprimidos),36.50,https://www.petsonic.com/28952-large_default/hepatosil-plus-para-perro-gato.jpg
Vetnova Suplemento Nutricional SUPRA RC-5 para Perro y Gato (30 Comprimidos),15.95,https://www.petsonic.com/14843-large_default/suplemento-nutricional-supra-rc-5-para-perro-gato.jpg
virbac Epi-Otic Limpiador Ótico (0.125 L),26.95,https://www.petsonic.com/13050-large_default/virbac-epi-otic-limpiador-otico-para-perros.jpg
vetplus Aktivait para Gato (60 Comprimidos),27.36,https://www.petsonic.com/15732-large_default/aktivait-para-gato.jpg
Vetoquinol Flexadin Plus Mini para Perro y Gato (30 Comprimidos),18.94,https://www.petsonic.com/15725-large_default/flexadin-plus-mini-para-perro-gato.jpg
Vetoquinol Flexadin Plus Mini para Perro y Gato (90 Comprimidos),33.51,https://www.petsonic.com/15725-large_default/flexadin-plus-mini-para-perro-gato.jpg
farmadiet Cognidine Suplemento neurologico perros y gatos (60 Comprimidos),21.41,https://www.petsonic.com/20589-large_default/cognidine-suplemento-neurologico-perros-gatos.jpg
farmadiet Hepatosil para Gato y Perro -10kg (30 Comprimidos),20.22,https://www.petsonic.com/24209-large_default/hepatosil-para-gato-perro-10kg.jpg
Stangest Enzivet para Perro y Gato (60 Comprimidos),16.59,https://www.petsonic.com/15649-large_default/enzivet-para-perro-gato.jpg
Stangest Enzivet para Perro y Gato (300 Comprimidos),59.31,https://www.petsonic.com/15649-large_default/enzivet-para-perro-gato.jpg
Stangest Urovet para Perro y Gato RQ (100 Gr.),19.77,https://www.petsonic.com/15654-large_default/urovet-para-perro-gato.jpg
Stangest Histamin Control para Perro y Gato (60 Comprimidos),22.80,https://www.petsonic.com/15655-large_default/histamin-control-para-perro-gato.jpg
Stangest Histamin Control para Perro y Gato (300 Comprimidos),78.10,https://www.petsonic.com/15655-large_default/histamin-control-para-perro-gato.jpg
farmadiet Lactadiet Calostro para Gatos (40 sobres),26.95,https://www.petsonic.com/15052-large_default/lactadiet-calostro-para-gatos.jpg
farmadiet Lactadiet Calostro para Gatos (134 sobres),64.10,https://www.petsonic.com/15052-large_default/lactadiet-calostro-para-gatos.jpg
Stangest CicaVet para Perro y Gato (0.500 L),18.56,https://www.petsonic.com/28781-large_default/stanvet-cicavet-gato-para-perros-gatos.jpg
Stangest CicaVet para Perro y Gato (125 ml),8.81,https://www.petsonic.com/28781-large_default/stanvet-cicavet-gato-para-perros-gatos.jpg
Kerato Loción hidratante para perros (200 ml),16.50,https://www.petsonic.com/25141-large_default/kerato-locion-hidratante-para-perros.jpg
Vetnova Dialix Oxalate para Perro y Gato (300 Gr.),37.50,https://www.petsonic.com/13254-large_default/dialix-oxalate-para-perro-gato.jpg
Stangest Anima Strath comprimidos para Perro y Gato (120 Comprimidos),27.00,https://www.petsonic.com/28786-large_default/stangest-fortificante-natural-en-bote-para-perro-y-gato.jpg
Stangest Anima Strath comprimidos para Perro y Gato (240 Comprimidos),44.92,https://www.petsonic.com/28786-large_default/stangest-fortificante-natural-en-bote-para-perro-y-gato.jpg
Hifarmax Omnimatrix espuma cicatrizante para perros y gatos (250 ml),53.64,https://www.petsonic.com/20612-large_default/omnimatrix-espuma-cicatrizante-para-perros-gatos.jpg
Zincoseb Spray perros y gatos (250 ml),16.95,https://www.petsonic.com/27058-large_default/zincoseb-spray-perros-y-gatos.jpg
Dermoscent Pyoclean Champu perros y gatos (200 ml),20.95,https://www.petsonic.com/25119-large_default/dermoscent-pyoclean-champu-perros-y-gatos.jpg
farmadiet Lacristal Neo para Perro y Gato (10 ml),11.95,https://www.petsonic.com/15048-large_default/lacristal-neo-para-perro-gato.jpg
Clorhexidina solucion 1% desinclor rosa (500 ml),10.50,https://www.petsonic.com/25268-large_default/clorhexidina-solucion-1-desinclor-rosa.jpg
Fatro Zincoseb Champú para Perro y Gato (0.250 L),34.95,https://www.petsonic.com/17872-large_default/zincoseb-champu-para-perro-gato.jpg
Stangest Biotin B Complex para Perro y Gato (100 Comprimidos.),14.03,https://www.petsonic.com/28774-large_default/biotin-b-complex-para-perro-gato.jpg
Stangest Biotin B Complex para Perro y Gato (300 Comprimidos),36.20,https://www.petsonic.com/28774-large_default/biotin-b-complex-para-perro-gato.jpg
farmadiet Antiinflamatorio Inflavet para Perro y Gato (60 Comprimidos),23.95,https://www.petsonic.com/15045-large_default/antiinflamatorio-inflavet-para-perro-gato.jpg
Hifarmax Omnicutis cápsulas para perros y gatos salud de la piel y el pelo (30),13.99,https://www.petsonic.com/20602-large_default/omnicutis-para-perros-gatos-salud-piel-pelo.jpg
Hifarmax Omnicutis cápsulas para perros y gatos salud de la piel y el pelo (150),57.69,https://www.petsonic.com/20602-large_default/omnicutis-para-perros-gatos-salud-piel-pelo.jpg
Hifarmax Omnicutis cápsulas para perros y gatos salud de la piel y el pelo (600),180.73,https://www.petsonic.com/20602-large_default/omnicutis-para-perros-gatos-salud-piel-pelo.jpg
Stangest Gingivet para Perro y Gato (60 Comprimidos),30.95,https://www.petsonic.com/15658-large_default/gingivet-para-perro-gato.jpg
farmadiet Oxispeed Gel para Gato (50 ml),9.94,https://www.petsonic.com/15062-large_default/oxispeed-gel-para-gato.jpg
vetplus Fibor para Perro y Gato (500 Gr.),18.95,https://www.petsonic.com/15741-large_default/fibor-para-perro-gato.jpg
Stangest DentiVet Proteccion Total para Perro y Gato (125 ml),16.95,https://www.petsonic.com/28857-large_default/dentivet-proteccion-total-para-perro-gato.jpg
JT- Hypoclorine Skin care spray para piel y heridas en perros gatos y pequeños mamíferos (0.150 L),20.16,https://www.petsonic.com/25086-large_default/jt-hypoclorine-skin-care-spray-para-piel-y-heridas-en-perros-gatos-y-pequenos-mamiferos.jpg
JT- Hypoclorine Skin care spray para piel y heridas en perros gatos y pequeños mamíferos (0.500 L),39.35,https://www.petsonic.com/25086-large_default/jt-hypoclorine-skin-care-spray-para-piel-y-heridas-en-perros-gatos-y-pequenos-mamiferos.jpg
Feliway Friends Recambio (48 ml),21.93,https://www.petsonic.com/7993-large_default/feliway-friends-recambio-para-gatos.jpg
Urano Vet U*Derm Omega Gel para Perro y Gato (50 Gr.),16.89,https://www.petsonic.com/15674-large_default/u-derm-omega-gel-para-perro-gato.jpg
Hifarmax Omnimatrix pomada cicatrizante para perros y gatos (20 Grs),12.83,https://www.petsonic.com/20610-large_default/omnimatrix-pomada-cicatrizante-para-perros-gatos.jpg
Hifarmax Omnimatrix pomada cicatrizante para perros y gatos (60 Grs),22.15,https://www.petsonic.com/20610-large_default/omnimatrix-pomada-cicatrizante-para-perros-gatos.jpg
Vetnova Cutania Skin Control Toallitas para Perro y Gato (24 Unidades.),16.95,https://www.petsonic.com/16823-large_default/cutania-skin-control-toallitas-para-perro-y-gato.jpg
Ado Quatro S protector de almohadillas (70 ml),11.50,https://www.petsonic.com/28450-large_default/ado-quatro-s-protector-de-almohadillas.jpg
vetplus Coatex Gel para Perro y Gato (65 ml),25.79,https://www.petsonic.com/15734-large_default/coatex-gel-para-perro-gato.jpg
vetplus Coatex Gel para Perro y Gato (150 ml),39.47,https://www.petsonic.com/15734-large_default/coatex-gel-para-perro-gato.jpg
vetplus Complivit para Perro y Gato (150 Gr.),14.29,https://www.petsonic.com/15736-large_default/complivit-para-perro-gato.jpg
Linksin Spray perros y gatos (200 ml),25.95,https://www.petsonic.com/28701-large_default/linksin-spray-perros-y-gatos.jpg
"Multiva Viramax, control del herpesvirus en gatos jóvenes o bajos de peso, con L-Lisina (60 Comprimidos)",13.95,https://www.petsonic.com/25234-large_default/multiva-viramax-control-del-herpesvirus-en-gatos-jovenes-o-bajos-de-peso-con-l-lisina.jpg
Tris-NAC Solución topia Piel y oído perros y gatos (120 ml),32.95,https://www.petsonic.com/27057-large_default/tris-nac-solucion-topia-piel-y-oido-perros-y-gatos.jpg
Clorhexidina jabonosa 08% desinclor azul (500 ml),11.99,https://www.petsonic.com/25269-large_default/clorhexidina-jabonosa-08-desinclor-azul.jpg
vetplus Condroprotector Synoquin para Gato (90 Comprimidos),45.83,https://www.petsonic.com/28907-large_default/condroprotector-synoquin-para-gato.jpg
vetplus Flumax para Gato (150 ml),21.34,https://www.petsonic.com/15742-large_default/flumax-para-gato.jpg
vetplus Renate para Gato (30 sobres de 2 gr),19.15,https://www.petsonic.com/15746-large_default/renate-para-gato.jpg
Flexadin Advance CW gato (30 Comprimidos),39.95,https://www.petsonic.com/26543-large_default/flexadin-advance-cw-gato.jpg
JT- Hypoclorine Ear care spray hidrogel para oídos para perros gatos y pájaros (0.150 L),20.16,https://www.petsonic.com/25089-large_default/jt-hypoclorine-ear-care-spray-para-oidos-para-perros-gatos.jpg
Dermoscent Atop7 Champu para perros y gatos (200 ml),20.95,https://www.petsonic.com/25146-large_default/dermoscent-atop7-champu-para-perros-y-gatos.jpg
Multiva Odor Control. Para los malos olores en gatos (30 Comprimidos),10.50,https://www.petsonic.com/25232-large_default/multiva-odor-control-para-los-malos-olores-en-gatos.jpg
Parvulyte Suplemento nutricional prevencio de la parvovirosis (60 Gr.),17.66,https://www.petsonic.com/25124-large_default/parvulyte-suplemento-nutricional-prevencio-de-la-parvoriosis.jpg
JT- Derm Pharma Alimento complementario para para perros y gatos (60),17.75,https://www.petsonic.com/25091-large_default/jt-derm-pharma-alimento-complementario-para-para-perros-y-gatos.jpg
K-Omega 369 complemento dietético de ácidos grasos (30),12.95,https://www.petsonic.com/25096-large_default/k-omega-369-complemento-dietetico-de-acidos-grasos.jpg
JT- Hypoclorine Ear care spray para oídos para perros gatos y pájaros (0.150 L),20.16,https://www.petsonic.com/25088-large_default/jt-hypoclorine-ear-care-spray-para-oidos-para-perros-gatos-y-pajaros.jpg
Dermocanis Dermocare Espuma Seca champú para perros y gatos (250 ml),21.95,https://www.petsonic.com/25111-large_default/dermocanis-dermocare-espuma-seca-champu-para-perros-y-gatos.jpg
"Movejoint Hifarmax, suplemento vitamínico para perros con problemas de articulaciones (120)",43.41,https://www.petsonic.com/25113-large_default/movejoint-hifarmax-suplemento-vitaminico-para-perros-con-problemas-de-articulaciones.jpg
JT- Hypoclorine Skin care spray hidrogel para piel y heridas en perros gatos y pequeños mamíferos (0.150 L),20.16,https://www.petsonic.com/25087-large_default/jt-hypoclorine-skin-care-gel-para-piel-y-heridas-en-perros-gatos-y-pequenos-mamiferos.jpg
JT- Hypoclorine Skin care spray hidrogel para piel y heridas en perros gatos y pequeños mamíferos (0.500 L),39.35,https://www.petsonic.com/25087-large_default/jt-hypoclorine-skin-care-gel-para-piel-y-heridas-en-perros-gatos-y-pequenos-mamiferos.jpg
Direne suplemento para insuficiencia renal perros y gatos (32),23.41,https://www.petsonic.com/25121-large_default/direne-spulemento-para-insuficiencia-renal-perros-y-gatos.jpg
Hilfarmax Omniotic limpieza de oídos para perros gatos y conejos. (120 ml),17.95,https://www.petsonic.com/24882-large_default/hilfarmax-omniotic-limpieza-de-oidos-para-perros-gatos-y-conejos.jpg
Hilfarmax Omniotic limpieza de oídos para perros gatos y conejos. (20 x 5 ml),23.95,https://www.petsonic.com/24882-large_default/hilfarmax-omniotic-limpieza-de-oidos-para-perros-gatos-y-conejos.jpg
REDOMIN VITA Suplemento vitamínico para perros y gatos (60 Comprimidos),35.99,https://www.petsonic.com/24862-large_default/redomin-vita-suplemento-vitaminico-para-perros-y-gatos-60-comprimidos.jpg
Hifarmax Hifarmax Omniomega complemento nutricional gatos y perros (120),36.15,https://www.petsonic.com/20597-large_default/hifarmax-omniomega-complemento-nutricional-gatos-perros.jpg
Hifarmax Hifarmax Omniomega complemento nutricional gatos y perros (510),116.60,https://www.petsonic.com/20597-large_default/hifarmax-omniomega-complemento-nutricional-gatos-perros.jpg
Elactil champu piodermas para perros y gatos (250 ml),19.95,https://www.petsonic.com/24848-large_default/elactil-champu-piodermas-para-perros-y-gatos.jpg
Ado Film gel cicatrizante para perros y gatos (60 Gr.),8.98,https://www.petsonic.com/24786-large_default/ado-film-gel-cicatrizante-para-perros-y-gatos.jpg
Xmile Depot Pasta de dientes adhesiva para perros y gatos (20 Gr.),30.95,https://www.petsonic.com/25130-large_default/xmile-depot-pasta-de-dientes-adhesiva-para-perros-y-gatos.jpg
Feliway Optimum difusor mas recambio 48 ml (48 ml),31.99,https://www.petsonic.com/24146-large_default/feliway-optimum-difusor-mas-recambio-48-ml.jpg
Crema dermatológica con extracto de Granada para perros. (50 ml),11.95,https://www.petsonic.com/25138-large_default/crema-dermatologica-con-extracto-de-granada-para-perros.jpg
Stangest Urovet-C para perros y gatos con problemas renales 100ml. (100 ml),19.24,https://www.petsonic.com/20629-large_default/urovet-c-para-perros-gatos-problemas-renales-100ml.jpg
Kerato Balm Bálsamo reparador para perros (50 ml),15.95,https://www.petsonic.com/25142-large_default/kerato-balm-balsamo-reparador-para-perros.jpg
Leticaderm loción para perros con pieles atopicas (200 ml),19.95,https://www.petsonic.com/25143-large_default/leticaderm-locion-para-perros-con-pieles-atopicas.jpg
JT- Hypoclorine Farm spray con efecto antimicrobiano para todos los animales (540 ml - Hidrogel),38.26,https://www.petsonic.com/25090-large_default/jt-hypoclorine-farm-spray-con-efecto-antimicrobiano-para-todos-los-animales.jpg
JT- Hypoclorine Farm spray con efecto antimicrobiano para todos los animales (540 ml),39.35,https://www.petsonic.com/25090-large_default/jt-hypoclorine-farm-spray-con-efecto-antimicrobiano-para-todos-los-animales.jpg
Hifarmax Omnicutis líquido para perros y gatos salud de la piel y el pelo (200 ml),26.82,https://www.petsonic.com/20606-large_default/omnicutis-liquido-para-perros-gatos-salud-piel-pelo.jpg
Feliway Difusor Eléctrico (48 ml),25.99,https://www.petsonic.com/5352-large_default/feliway-difusor-electrico-para-gatos.jpg
JTPharma Calci-Vit para Perro y Gato (60 Comprimidos),10.75,https://www.petsonic.com/15542-large_default/calci-vit-para-perro-gato.jpg
Vetoquinol Ipakitine para Perro y Gato (60 Gr.),18.50,https://www.petsonic.com/15726-large_default/ipakitine-para-perro-gato.jpg
Vetoquinol Ipakitine para Perro y Gato (180 Gr),37.75,https://www.petsonic.com/15726-large_default/ipakitine-para-perro-gato.jpg
Vetoquinol Ipakitine para Perro y Gato (300 Gr.),53.38,https://www.petsonic.com/15726-large_default/ipakitine-para-perro-gato.jpg
Vetnova Dialix UT Forte 10 para Perro y Gato (45 Comprimidos),35.50,https://www.petsonic.com/13256-large_default/vetnova-dialix-ut-forte-10-para-perro-y-gato.jpg
Vetnova Adiva Hepátic para Gato (60 Comprimidos),30.50,https://www.petsonic.com/13236-large_default/adiva-hepatic-para-gato.jpg
Vetnova Alysia para Gato (30 Comprimidos),19.95,https://www.petsonic.com/13237-large_default/alisya-para-gato.jpg
Vetnova Conecta O3ABD para Perro y Gato (135 ml),23.95,https://www.petsonic.com/28889-large_default/conecta-o3abd-para-perro-gato.jpg
Vetnova Conecta en Comprimidos para Perro y Gato (80 Comprimidos),19.95,https://www.petsonic.com/16825-large_default/conecta-comprimidos-para-perro-gato.jpg
Vetnova Clunia Zn-A Gel para Perros y Gatos (118 ml),42.95,https://www.petsonic.com/13240-large_default/clunia-zn-a-gel-para-perros-y-gatos.jpg
Vetnova Clunia Zn-Gel Mantenimiento para Perros y Gatos (59 ml),27.95,https://www.petsonic.com/13241-large_default/clunia-zn-gel-mantenimiento-para-perros-y-gatos.jpg
Vetnova Cutanina Hair Control Total Care para Perro y Gato (120 ml),19.95,https://www.petsonic.com/13249-large_default/cutanina-hair-control-total-care-per-cnae-gatto-per-cani-gatti.jpg
Vetnova Cutania Zn Gel para Perro y Gato (59 ml),17.95,https://www.petsonic.com/13251-large_default/vetnova-cutania-zn-gel-gato-para-perros-gatos.jpg
Vetnova Dialix UT para Gato (30 Comprimidos),19.50,https://www.petsonic.com/28753-large_default/dialix-ut-para-gato.jpg
Stangest Coprovet para Perros y Gatos (50 Gr.),10.44,https://www.petsonic.com/28853-large_default/coprovet-para-perros-gatos.jpg
virbac Anxitane (S),23.02,https://www.petsonic.com/28887-large_default/anxitane.jpg
virbac Anxitane (M-L),27.79,https://www.petsonic.com/28887-large_default/anxitane.jpg
Vetnova Suplemento Nutricional SUPRA RC-15 para Perro y Gato (30 Comprimidos),26.50,https://www.petsonic.com/14844-large_default/suplemento-nutricional-supra-rc-15-para-perro-gato.jpg
Vetnova Limpiador Ótico Klyse para Perro (118 ml),24.95,https://www.petsonic.com/14845-large_default/limpiador-otico-klyse-para-perro.jpg
Ecuphar Orozyme Gel Dental para Perro y Gato (70 Gr),17.95,https://www.petsonic.com/15004-large_default/orozime-gel-dental-paraperro-gato.jpg
Dechra Spray Desinfectante Antisept para Perro y Gato (100 ml),6.71,https://www.petsonic.com/15008-large_default/spray-desinfectante-antisept-para-perro-gato.jpg
Dechra Catmalt para Gato (50 Gr.),6.26,https://www.petsonic.com/15009-large_default/catmalt-para-gato.jpg
Dechra Limpiador Ótico Cleanaural para Gato (50 ml),12.95,https://www.petsonic.com/15011-large_default/limpiador-otico-cleanaural-para-gato.jpg
Stangest OtiVet Limpiador Oidos para Perro y/o Gato (125 ml),10.95,https://www.petsonic.com/28864-large_default/otivet-limpiador-oidos-para-perro-gato.jpg
Stangest Malta con omega 3-6 y Taurina para Perro y Gato (100 Gr.),8.10,https://www.petsonic.com/28852-large_default/malta-omega-3-6-taurina-para-perro-gato.jpg
Dechra Gel Ocular Lubrithal para Perro y Gato (10 Gr),13.95,https://www.petsonic.com/15014-large_default/dechra-gel-ocular-lubrithal-gato-para-perros-gatos.jpg
Vetnova Glyco-flex ll Snacks para Gatos y Perros Pequeños (60 Comprimidos),37.95,https://www.petsonic.com/11859-large_default/vetnova-glyco-flex-l-snacks-para-gatos-y-perros-pequenos.jpg
Feliway Spray 60 ml gato (60 ml),21.93,https://www.petsonic.com/5009-large_default/feliway-spray-60-ml-para-gatos.jpg
virbac Nutribound para Perro 3x150ml (150 ml),27.73,https://www.petsonic.com/28936-large_default/virbac-nutribound-3x150ml-para-perros.jpg
Feliway Travel 20ml (20 ml),12.44,https://www.petsonic.com/5194-large_default/feliway-travel-20ml-para-gatos.jpg
Leti Limpiador Ótico de Extracto de Granada para Perro (0.125 L),19.95,https://www.petsonic.com/16457-large_default/limpiador-otico-extracto-granada-para-perros.jpg
Ecuphar Otoclean Limpiador Ótico para Perros y Gatos (18 Unidades.),24.95,https://www.petsonic.com/18212-large_default/esteve-otoclean-limpiador-otico-gatos-para-perros-gatos.jpg
Feliway Friends Difusor + Recambio (48 ml),25.79,https://www.petsonic.com/13006-large_default/feliway-friends-difusor-recambio-para-gatos.jpg
farmadiet Limpiador Ocular Lagrinet Neo para Perros y Gatos (10 ml),13.95,https://www.petsonic.com/8365-large_default/farmadiet-limpiador-ocular-lagrinet-neo-gatos-para-perros.jpg
Vetnova Adiva Entero -7.5 para Perro y/o Gato (53 Gr.),19.50,https://www.petsonic.com/16822-large_default/vetnova-adiva-entero-75-para-perro-yo-gato.jpg
Vetnova Dialix R para Gato (120 Comprimidos),35.95,https://www.petsonic.com/11854-large_default/vetnova-dialix-r-para-gato.jpg
Vetnova Red Cell Care Liquid Oral para Perro y Gatos (200 ml),19.95,https://www.petsonic.com/15607-large_default/vetnova-red-cell-care-liquid-oral-para-perro-y-gatos.jpg
Stangest Malta para Perro y Gato (100 Gr.),8.61,https://www.petsonic.com/28851-large_default/malta-para-perro-gato.jpg
Vetnova Multiva Active para Gato (45 Comprimidos),11.95,https://www.petsonic.com/11867-large_default/vetnova-multiva-active-para-gato.jpg
Vetnova Multiva Calming para Gatos y Perros Pequeños (21 Comprimidos),11.95,https://www.petsonic.com/11869-large_default/vetnoca-multiva-calming-para-gato-y-perros-pequenos.jpg
Vetnova Multiva Calming para Perros Medianos y Grandes (21 Comprimidos),19.95,https://www.petsonic.com/11870-large_default/vetnova-multiva-calming-para-perros-medianos-y-grandes.jpg
Vetnova Multiva Hairball para Gato (45 Comprimidos),11.95,https://www.petsonic.com/11871-large_default/vetnova-multiva-hairball-para-gato.jpg
Stangest Anima Strath ml para animales de compañia (30 ml),5.59,https://www.petsonic.com/28868-large_default/stanget-fortificante-natural-para-perro-y-animales-de-compania.jpg
Stangest Anima Strath ml para animales de compañia (100ml + Mordedor),12.55,https://www.petsonic.com/28868-large_default/stanget-fortificante-natural-para-perro-y-animales-de-compania.jpg
Stangest Anima Strath ml para animales de compañia (250ml + Mordedor),23.60,https://www.petsonic.com/28868-large_default/stanget-fortificante-natural-para-perro-y-animales-de-compania.jpg
Stangest Anima Strath ml para animales de compañia (1 L),75.16,https://www.petsonic.com/28868-large_default/stanget-fortificante-natural-para-perro-y-animales-de-compania.jpg
Stangest Dermovital en Gotas para Perro y Gato (15 ml),8.05,https://www.petsonic.com/28840-large_default/dermovital-gotas-para-perro-gato.jpg
Stangest Dermovital Zinc para Perro y Gato (60 ),14.03,https://www.petsonic.com/28841-large_default/dermovital-zinc-para-perro-gato.jpg
Stangest Espiruvet para Perro y Gato (250 comprimidos),13.51,https://www.petsonic.com/28842-large_default/espiruvet-para-perro-gato.jpg
Stangest Espiruvet para Perro y Gato (750 Comprimidos),35.37,https://www.petsonic.com/28842-large_default/espiruvet-para-perro-gato.jpg
Stangest Leche en Polvo Milkcan para Perro Y Gato (250 Gr.),8.95,https://www.petsonic.com/28850-large_default/leche-polvo-milkcan-para-perro-gato.jpg
Stangest Leche en Polvo Milkcan para Perro Y Gato (400 gr + Biberón),14.95,https://www.petsonic.com/28850-large_default/leche-polvo-milkcan-para-perro-gato.jpg
Stangest Leche en Polvo Milkcan para Perro Y Gato (2 Kg.),44.95,https://www.petsonic.com/28850-large_default/leche-polvo-milkcan-para-perro-gato.jpg
Dechra Limpiador Ocular Cleanocular para Perro y Gato (100 ml),16.95,https://www.petsonic.com/15012-large_default/limpiador-ocular-cleanocular-para-perro-gato.jpg
farmadiet Gel Cicatrizante Aloevet para Perro y Gato (50 ml),11.13,https://www.petsonic.com/24135-large_default/gel-cicatrizante-aloevet-para-perro-gato.jpg
Urano Vet U*vita Malta para Gato (50 Gr.),10.19,https://www.petsonic.com/15679-large_default/u-vita-malta-para-gato.jpg
Stangest Oncovet II para Perros y Gatos (120 gr),16.11,https://www.petsonic.com/15646-large_default/oncovet-ii-para-perros-gatos.jpg
Stangest Oncovet II para Perros y Gatos (240 Gr.),24.49,https://www.petsonic.com/15646-large_default/oncovet-ii-para-perros-gatos.jpg
JTPharma Entero Laxavet para Perro y Gato (55 ml),10.25,https://www.petsonic.com/15545-large_default/entero-laxavet-para-perro-gato.jpg
JTPharma Entero Laxavet para Perro y Gato (250 ml),16.57,https://www.petsonic.com/15545-large_default/entero-laxavet-para-perro-gato.jpg
JTPharma Entero Vital para Perro y Gato (60 Comprimidos),27.54,https://www.petsonic.com/15546-large_default/entero-vital-para-perro-gato.jpg
JTPharma Glucoserum para Perro y Gato (10 x 50gr),24.74,https://www.petsonic.com/15547-large_default/glucoserum-para-perro-gato.jpg
JTPharma Lacto Cat para Gato (4 x 50 gr),10.88,https://www.petsonic.com/15553-large_default/lacto-cat-para-gato.jpg
JTPharma Pancrea Pharma para Perro y Gato (60 Comprimidos),23.07,https://www.petsonic.com/15557-large_default/pancrea-pharma-para-perro-gato.jpg
JTPharma Pancrea Pharma Solucion para Perro y Gato (50 Gr.),23.07,https://www.petsonic.com/15556-large_default/pancrea-pharma-solucion-para-perro-gato.jpg
JTPharma Uro Pharma para Perro y Gato (60 Comprimidos),23.45,https://www.petsonic.com/15558-large_default/uro-pharma-para-perro-gato.jpg
JTPharma Artro Pharma Solución para Perro y Gato (55 ml),17.40,https://www.petsonic.com/15566-large_default/artro-pharma-solucion-para-perro-gato.jpg
Stangest Floravet Complex para Perro y Gato (25 unidades de 2gr),19.18,https://www.petsonic.com/15645-large_default/floravet-complex-para-perro-gato.jpg
Stangest Cardio II Caritine para Perro y Gato (60 Comprimidos),19.97,https://www.petsonic.com/15648-large_default/cardio-ii-caritine-para-perro-gato.jpg
JTPharma Complex B para Perro y Gato (60 Comprimidos),17.03,https://www.petsonic.com/15543-large_default/complex-b-para-perro-gato.jpg
Stangest Hepa-T-Detox para Perro y Gato (60 Comprimidos),16.14,https://www.petsonic.com/15650-large_default/hepa-t-detox-para-perro-gato.jpg
Stangest Hepa-T-Detox para Perro y Gato (300 Comprimidos),79.04,https://www.petsonic.com/15650-large_default/hepa-t-detox-para-perro-gato.jpg
Stangest Neurovet para Perro y Gato (60 Comprimidos),20.51,https://www.petsonic.com/15652-large_default/neurovet-para-perro-gato.jpg
Stangest Ocuhealth para Perro y Gato (60 Comprimidos),22.95,https://www.petsonic.com/15657-large_default/ocuhealth-para-perro-gato.jpg
Stangest Ocuhealth para Perro y Gato (300 Comprimidos),82.95,https://www.petsonic.com/15657-large_default/ocuhealth-para-perro-gato.jpg
Stangest Glutavet para Perro y Gato (60 Comprimidos),16.96,https://www.petsonic.com/15660-large_default/glutavet-para-perro-gato.jpg
Stangest Minsal para Perro y Gato (30 Comprimidos),12.83,https://www.petsonic.com/15661-large_default/minsal-para-perro-gato.jpg
Stangest MSM para Perro y Gato (60 Comprimidos),19.43,https://www.petsonic.com/15662-large_default/msm-para-perro-gato.jpg
Urano Vet Apoptus para Perro y Gato (60 Comprimidos),34.43,https://www.petsonic.com/15670-large_default/apoptus-para-perro-gato.jpg
Urano Vet Vexoderm Apositos Cicatrizantes para Perro y Gato (9x4 cm),24.03,https://www.petsonic.com/15673-large_default/vexoderm-apositos-cicatrizantes-para-perro-gato.jpg
Urano Vet Vexoderm Apositos Cicatrizantes para Perro y Gato (10x7 cm),31.73,https://www.petsonic.com/15673-large_default/vexoderm-apositos-cicatrizantes-para-perro-gato.jpg
Urano Vet U*Vita en Gel para Gato (50 Gr.),12.53,https://www.petsonic.com/15678-large_default/u-vita-gel-para-gato.jpg
JTPharma Dental Pharma para Perro y Gato (50 Gr.),17.96,https://www.petsonic.com/15544-large_default/dental-pharma-para-perro-gato.jpg
Feliway Recambio de Difusor Eléctrico (48 ml),23.99,https://www.petsonic.com/8627-large_default/feliway-recambio-difusor-electrico-para-gatos.jpg
farmadiet Dermadual Gel para Gato (50 ml),9.76,https://www.petsonic.com/15035-large_default/dermadual-para-gato.jpg
Fatro Epato Plus Pasta para Gato (2 x 15 ml),26.99,https://www.petsonic.com/15089-large_default/epato-plus-pasta-para-gato.jpg
farmadiet Profilaxcel para Perro y Gato (30 Comprimidos),26.79,https://www.petsonic.com/15064-large_default/profilaxcel-para-perro-gato.jpg
Fatro Malta Akiball para Gato (100 Gr.),7.99,https://www.petsonic.com/16772-large_default/malta-akiball-para-gato.jpg
Fatro CLX Champú 4% para Perro y Gato (0.200 L),31.95,https://www.petsonic.com/15081-large_default/clx-champu-4-para-perro-gato.jpg
Fatro CLX Espuma 4% para Perro y Gato (0.100 L),17.50,https://www.petsonic.com/15082-large_default/clx-espuma-4-para-perro-gato.jpg
Fatro CLX Solucion Spray 4% para Perro y Gato (0.200 L),24.95,https://www.petsonic.com/15083-large_default/clx-solucion-spray-4-para-perro-gato.jpg
Fatro CLX Toallitas para Perro y Gato (40 Unidades.),35.95,https://www.petsonic.com/15084-large_default/clx-toallitas-para-perro-gato.jpg
Fatro CLX Derm Spot Gel para Perro y Gato (0.100 L),19.95,https://www.petsonic.com/15085-large_default/clx-derm-spot-gel-para-perro-gatto.jpg
Fatro EnerGel para Perro y Gato (80 Gr),8.95,https://www.petsonic.com/15086-large_default/energel-para-perro-gato.jpg
Fatro EnteroFilus en Monodosis para Perro y Gato (12 Unidades.),13.99,https://www.petsonic.com/15087-large_default/enterofilus-monodosis-para-perro-gato.jpg
Fatro Ermidrá Champú para Perro y Gato (0.250 L),24.95,https://www.petsonic.com/15090-large_default/emidra-champu-para-perro-gato.jpg
JTPharma Cardio Fortex para Perro y Gato (60 Comprimidos),26.89,https://www.petsonic.com/15541-large_default/cardio-fortex-para-perro-gato.jpg
Fatro IryPlus Limpiador Ocular para Perro y Gato (50 ml),16.95,https://www.petsonic.com/15092-large_default/iryplus-limpiador-ocular-para-perro-gato.jpg
Fatro Otoact Limpiador Ocular para Perro y Gato (100 ml),23.95,https://www.petsonic.com/15096-large_default/otoact-limpiador-ocular-para-perro-gato.jpg
Fatro Stomodine Pasta Oral para Perro y Gato (30 ml),26.95,https://www.petsonic.com/15101-large_default/stomodine-pasta-oral-para-perro-gato.jpg
Fatro Vetramil Apósitos Cicatrizantes para Perro y Gato (5 Unidades.),19.25,https://www.petsonic.com/15103-large_default/vetramil-apositos-cicatrizantes-para-perro-gato.jpg
Fatro Vetramil Pomada Cicatrizante para Perro y Gato (30 Gr.),16.95,https://www.petsonic.com/15105-large_default/vetramil-pomada-cicatrizante-para-perro-gato.jpg
Fatro Vetramil Pomada Cicatrizante para Perro y Gato (180 Gr),54.95,https://www.petsonic.com/15105-large_default/vetramil-pomada-cicatrizante-para-perro-gato.jpg
Fatro Vetramil Spray Cicatrizante para Pero y Gato (100 ml),21.95,https://www.petsonic.com/15106-large_default/vetramil-spray-cicatrizante-para-pero-gato.jpg
Feliway Pack Recambio Feliway Friends (3 Unidades.),49.99,https://www.petsonic.com/15288-large_default/pack-recambio-feliway-friends.jpg
JTPharma Biotin B Zinc Selenio para Perro y Gato (60 Comprimidos),16.61,https://www.petsonic.com/15539-large_default/biotin-b-zinc-selenio-para-perro-gato.jpg
Bayer Calcio con Vitamina D3 para Perros y Gatos (60 Comprimidos),10.08,https://www.petsonic.com/26173-large_default/bayer-calcio-vitamina-d3-gatos-para-perros-gatos.jpg
Menforsan Suplemento nutricional sistema inmunológico perros y gatos (120 ml),13.76,https://www.petsonic.com/28226-large_default/menforsan-suplemento-nutricional-sistema-inmunologico-perros-y-gatos.jpg
Zoetis Redomin Calcio para Perro y/o Gatos (30),14.82,https://www.petsonic.com/11795-large_default/pfizer-redomin-calcio-para-perro-yo-gatos.jpg
Vetnova Cutania Zn Spray para Perro y Gato (59 ml),17.95,https://www.petsonic.com/13250-large_default/cutania-zn-spray-para-perro-gato.jpg
Calier Adoderm para Perro y Gato (25 Unidades),11.94,https://www.petsonic.com/14985-large_default/adoderm-para-perro-gato.jpg
Calier Ácidos Grasos Omegaaid para Perro y Gato (0.250 L),18.14,https://www.petsonic.com/15606-large_default/acidos-grasos-omegaaid-para-perro-gato.jpg
JTPharma Hepato Pharma para Perro y Gato (60 Comprimidos),19.71,https://www.petsonic.com/15548-large_default/hepato-pharma-para-perro-gato.jpg
JTPharma Hepato Pharma para Perro y Gato (300 Comprimidos),75.03,https://www.petsonic.com/15548-large_default/hepato-pharma-para-perro-gato.jpg
JTPharma Hepato Pharma Same Solución para Perro y Gato (55 ml),35.57,https://www.petsonic.com/15551-large_default/hepato-pharma-same-solucion-para-perro-gato.jpg
JTPharma Uro Pharma Solucion para Perro y Gato (55 ml),12.71,https://www.petsonic.com/15559-large_default/uro-pharma-solucion-para-perro-gato.jpg
Vetoquinol Uropet para Pero y Gato (120 gr),12.67,https://www.petsonic.com/15729-large_default/uropet-para-pero-gato.jpg
vetplus Calmex para Gato (60 ml),17.10,https://www.petsonic.com/15733-large_default/calmex-para-gato.jpg
Ecuphar Cosequin Advanced para Gato (45 Comprimidos),20.99,https://www.petsonic.com/17383-large_default/ecuphar-cosequin-advanced-para-gato.jpg
Bioiberica Atopivet Spot-On para perros y gatos (8 Pipetas),29.15,https://www.petsonic.com/20590-large_default/atopivet-spot-on-para-perros-gatos.jpg
Bioiberica Atopivet Spot-On para perros y gatos (16 Pipetas),44.31,https://www.petsonic.com/20590-large_default/atopivet-spot-on-para-perros-gatos.jpg
Dechra Cleanaural Sensitive Limpiador de Oídos para Perro (100 ml),19.95,https://www.petsonic.com/12294-large_default/cleanaural-sensitive-limpiador-oidos-para-perro.jpg
Dermoscent champu Physio para perros y gatos (200 ml),20.95,https://www.petsonic.com/24832-large_default/dermoscent-champu-para-perros-fisiologico.jpg
Dermoscent Cicafolia perros y gatos. Cicatrizante y regenerador de piel. (30 ml),13.95,https://www.petsonic.com/24837-large_default/dermoscent-cicafolia-regenerador-de-piel.jpg
Dermoscent Pyoclean Oto limpiador de oidos para perros 5x10 mls (5x10 mls),29.91,https://www.petsonic.com/24845-large_default/dermoscent-pyoclean-oto-limpiador-de-oidos-para-perros-otico.jpg
Ermidra spray 300mls. Perros y gatos. Hidratación y calmante (300 ml),20.99,https://www.petsonic.com/24865-large_default/ermidra-spray-300mls-perros-y-gatos-hidratacion-y-calmante.jpg
Agua Oxigenada 1Lts (1 L),2.59,https://www.petsonic.com/25024-large_default/agua-oxigenada-1lts.jpg
JT- Tears-Off alimento complementario para perros y gatos para problemas oculares y lagrimales (60),39.78,https://www.petsonic.com/25084-large_default/jt-tears-off-alimento-complementario-para-perros-y-gatos-para-problemas-oculares-y-lagrimales.jpg
Dermocanis Dermocare champú para perros y gatos (250 ml),15.16,https://www.petsonic.com/25109-large_default/dermocanis-dermocare-champu-para-perros-y-gatos.jpg
Dermocanis Sebocare champú para perros (250 ml),21.95,https://www.petsonic.com/25110-large_default/dermocanis-sebocare-champu-para-perros.jpg
Silycure Protector hepatico perros y gatos (60 Comprimidos - 40 mg),23.91,https://www.petsonic.com/25126-large_default/silycure-protector-hepatico-perros-y-gatos.jpg
Silycure Protector hepatico perros y gatos (30 Comprimidos - 160 mg),35.14,https://www.petsonic.com/25126-large_default/silycure-protector-hepatico-perros-y-gatos.jpg
Dermoscent Atop7 Spray para perros y gatos (70 ml),17.50,https://www.petsonic.com/25147-large_default/dermoscent-atop7-spray-para-perros-y-gatos-dermatologico.jpg
Multiva Breath control. Salud bucodental para perros. (45 Comprimidos),15.95,https://www.petsonic.com/25231-large_default/multiva-breath-control-salud-bucodental-para-perros.jpg
Botella alcohol desinfección 1Lts - 96 Grados (1 L),4.95,https://www.petsonic.com/25337-large_default/botella-alcohol-desinfeccion-70-grados.jpg
Zensylk difusor + Recambio tranquilizante para gatos (Solo Recambio 48ml),21.95,https://www.petsonic.com/26539-large_default/zensylk-difusor-recambio-tranquilizante-para-gatos.jpg
Zensylk difusor + Recambio tranquilizante para gatos (Difusor+Recambio 48 ml),26.95,https://www.petsonic.com/26539-large_default/zensylk-difusor-recambio-tranquilizante-para-gatos.jpg
Zensylk Spray tranquilizante para gatos (30 ml),11.95,https://www.petsonic.com/26542-large_default/zensylk-spray-tranquilizante-para-gatos.jpg
Lagripets Lágrimas artificiales perros y gatos (15 ml),19.95,https://www.petsonic.com/27055-large_default/lagripets-lagrimas-artificiales-perros-y-gatos.jpg
Bayer Sano&Bello Murnil Suplemento vitamínico para perros y gatos (66 Comprimidos),12.99,https://www.petsonic.com/28744-large_default/bayer-sanobello-murnil-suplemento-vitaminico-para-perros-y-gatos-60-comprimidos.jpg
Calier Adolac Limpiador Auricular para Perro y Gato (125 ml),9.95,https://www.petsonic.com/14986-large_default/adolac-limpiador-auricular-para-perro-gato.jpg
